insert into customers (customer_id, first_name, last_name, email_address, street_address, city, province, country, postal_code) values ('c3540a89-cb47-4c96-888e-ff96708db4d8', 'Alick', 'Ucceli', 'aucceli0@dot.gov', '73 Shoshone Road', 'Barraute', 'Québec', 'Canada', 'P0M 2T6');
insert into customers (customer_id, first_name, last_name, email_address, street_address, city, province, country, postal_code) values ('dd1ab8b0-ab17-4e03-b70a-84caa3871606', 'Ricky', 'Presslie', 'rpresslie1@domainmarket.com', '24 Dorton Circle', 'Notre-Dame-des-Prairies', 'Québec', 'Canada', 'K6V 3J2');
insert into customers (customer_id, first_name, last_name, email_address, street_address, city, province, country, postal_code) values ('ba6c3e76-366e-44bb-8279-b41dc32dc456', 'Allx', 'Cholmondeley', 'acholmondeley2@weibo.com', '61 Farragut Street', 'Senneterre', 'Québec', 'Canada', 'L0P 1J8');
insert into customers (customer_id, first_name, last_name, email_address, street_address, city, province, country, postal_code) values ('45772446-62f4-4ccb-b3f4-9393c186fa43', 'Gaspar', 'Russi', 'grussi3@un.org', '3612 Del Mar Terrace', 'Sainte-Marthe-sur-le-Lac', 'Québec', 'Canada', 'H9K 0W3');
insert into customers (customer_id, first_name, last_name, email_address, street_address, city, province, country, postal_code) values ('30a4e2e3-fe9d-4903-bd23-b0a72b6c4ced', 'Hillard', 'Heamus', 'hheamus4@va.gov', '809 Blue Bill Park Park', 'Cowansville', 'Québec', 'Canada', 'J2K P4X');
insert into customers (customer_id, first_name, last_name, email_address, street_address, city, province, country, postal_code) values ('2bec7ec2-fe40-474f-a8cd-612f7790d24f', 'Darrin', 'Cadd', 'dcadd5@ning.com', '9 Cambridge Road', 'Havre-Saint-Pierre', 'Québec', 'Canada', 'H4R 1R9');
insert into customers (customer_id, first_name, last_name, email_address, street_address, city, province, country, postal_code) values ('6b2214d8-8d17-42f3-82bd-1b9264f19c64', 'Susana', 'Maxfield', 'smaxfield6@themeforest.net', '4509 Mifflin Road', 'Acton Vale', 'Québec', 'Canada', 'G0E N6E');
insert into customers (customer_id, first_name, last_name, email_address, street_address, city, province, country, postal_code) values ('a11014c8-85bc-4f8a-b627-7dfd645764ce', 'Elias', 'Plaxton', 'eplaxton7@house.gov', '382 Dorton Terrace', 'London', 'Ontario', 'USA', 'N6C 2E4');
insert into customers (customer_id, first_name, last_name, email_address, street_address, city, province, country, postal_code) values ('13526a90-506f-4981-a9da-06ba21fc610b', 'Ralina', 'Sussex', 'rsussex8@nymag.com', '624 Gale Alley', 'Waterloo', 'Ontario', 'USA', 'N2L 7K8');
insert into customers (customer_id, first_name, last_name, email_address, street_address, city, province, country, postal_code) values ('cc9c2c7f-afc9-46fb-8119-17158e54d02f', 'Pen', 'Carruthers', 'pcarruthers9@gov.uk', '3 4th Terrace', 'Hearst', 'Ontario', 'USA', 'S4A 8Y2');
insert into customer_phonenumbers(customer_id, type, number) values(1, 'WORK', '515-555-1234');
insert into customer_phonenumbers(customer_id, type, number) values(1, 'MOBILE', '416-555-1234');
insert into customer_phonenumbers(customer_id, type, number) values(2, 'WORK', '515-555-9999');
insert into customer_phonenumbers(customer_id, type, number) values(3, 'MOBILE', '416-555-3333');
insert into departments(department_id, name, head_count) values('1048b354-c18f-4109-8282-2a85485bfa5a', 'sales and marketing', 2);
insert into departments(department_id, name, head_count) values('cb346554-8526-4569-849d-6abf41bb7f76', 'customer relations', 3);
insert into department_positions(department_id, title, code) values(1, 'manager', 'samm1');
insert into department_positions(department_id, title, code) values(1, 'associate', 'sama1');
insert into employees(employee_id, first_name, last_name, email_address, salary, currency, commission_rate, street_address, city, province, country, postal_code, department_id, position_title)
values('e5913a79-9b1e-4516-9ffd-06578e7af261', 'Vilma', 'Chawner', 'vchawner0@phoca.cz', 34000.00, 'CAD', 0.0, '8452 Anhalt Park', 'Chambly', 'Québec', 'Canada', 'J3L 5Y6', '1048b354-c18f-4109-8282-2a85485bfa5a', 'associate');
insert into employees(employee_id, first_name, last_name, email_address, salary, currency, commission_rate, street_address, city, province, country, postal_code, department_id, position_title)
values('3aa1cac1-2538-4a51-89da-92e1809c0653', 'Winifred', 'Roy', 'wroy@phoca.cz', 75000.00, 'CAD', 0.0, '9343 Main Street', 'Montreal', 'Québec', 'Canada', 'H1V 5Y6', '1048b354-c18f-4109-8282-2a85485bfa5a', 'manager');
insert into employee_phonenumbers(employee_id, type, number) values(1, 'WORK', '515-555-5555');
insert into employee_phonenumbers(employee_id, type, number) values(1, 'MOBILE', '514-555-4444');
insert into employee_phonenumbers(employee_id, type, number) values(2, 'WORK', '515-555-5555');
insert into employee_phonenumbers(employee_id, type, number) values(2, 'MOBILE', '514-555-1234');
insert into inventories (inventory_id, type) values ('d846a5a7-2e1c-4c79-809c-4f3f471e826d', 'vehicles');
insert into inventories (inventory_id, type) values ('3fe5c169-c1ef-42ea-9e5e-870f30ba9dd0', 'vehicles-luxury');
insert into vehicles (vin, inventory_id, status, usage_type, year, manufacturer, make, model, body_class, msrp, cost, total_options_cost) values ('JN8AS5MTXDW375966', 'd846a5a7-2e1c-4c79-809c-4f3f471e826d', 'AVAILABLE', 'NEW', 2013, 'NISSAN MOTOR COMPANY, LTD', 'NISSAN', 'Rogue', 'Crossover Utility Vehicle (CUV)', 73536.64, 64330.65, 15470.82);
insert into vehicles (vin, inventory_id, status, usage_type, year, manufacturer, make, model, body_class, msrp, cost, total_options_cost) values ('3VW507AT0FM145078', 'd846a5a7-2e1c-4c79-809c-4f3f471e826d', 'AVAILABLE', 'USED', 2015, 'VOLKSWAGEN DE MEXICO SA DE CV', 'VOLKSWAGEN', 'Beetle', 'Convertible/Cabriolet', 56915.94, 51199.68, 00.00);
insert into vehicles (vin, inventory_id, status, usage_type, year, manufacturer, make, model, body_class, msrp, cost, total_options_cost) values ('2T1KU4EE5BC676204', 'd846a5a7-2e1c-4c79-809c-4f3f471e826d', 'SALE_PENDING', 'USED', 2011, 'TOYOTA MOTOR MANUFACTURING CANADA', 'TOYOTA', 'Corolla Matrix', 'Sedan/Saloon', 65712.51, 60259.06, 00.00);
insert into vehicles (vin, inventory_id, status, usage_type, year, manufacturer, make, model, body_class, msrp, cost, total_options_cost) values ('5N1AR1NB3CC804298', '3fe5c169-c1ef-42ea-9e5e-870f30ba9dd0', 'SALE_PENDING', 'NEW', 2012, 'NISSAN NORTH AMERICA, INC.', 'NISSAN', 'Pathfinder', 'Crossover Utility Vehicle (CUV)', 39112.98, 36915.15, 1900.00);
insert into vehicles (vin, inventory_id, status, usage_type, year, manufacturer, make, model, body_class, msrp, cost, total_options_cost) values ('WAUDGAFL4EA518776', '3fe5c169-c1ef-42ea-9e5e-870f30ba9dd0', 'SOLD', 'NEW', 2014, 'AUDI AG', 'AUDI', 'S4', 'Sedan/Saloon', 81384.04, 55761.93, 2900.00);
insert into vehicles (vin, inventory_id, status, usage_type, year, manufacturer, make, model, body_class, msrp, cost, total_options_cost) values ('SCFAB05D69G083403', 'd846a5a7-2e1c-4c79-809c-4f3f471e826d', 'SOLD', 'USED', 2009, 'ASTON MARTIN LAGONDA LIMITED', 'ASTON MARTIN', 'DBS', 'Coupe', 96447.83, 90442.16, 00.00);
insert into vehicles (vin, inventory_id, status, usage_type, year, manufacturer, make, model, body_class, msrp, cost, total_options_cost) values ('1N6AF0KX3FN483814', '3fe5c169-c1ef-42ea-9e5e-870f30ba9dd0', 'SOLD', 'NEW', 2015, 'NISSAN NORTH AMERICA, INC.', 'NISSAN', 'NV', 'Cargo Van', 87370.77, 76372.27, 10005.65);
insert into vehicles (vin, inventory_id, status, usage_type, year, manufacturer, make, model, body_class, msrp, cost, total_options_cost) values ('WBAYA8C50FG933061', '3fe5c169-c1ef-42ea-9e5e-870f30ba9dd0', 'AVAILABLE', 'USED', 2015, 'BMW AG', 'BMW', '750i / ALPINA B7', 'Sedan/Saloon', 44048.52, 42538.11, 00.00);
insert into vehicles (vin, inventory_id, status, usage_type, year, manufacturer, make, model, body_class, msrp, cost, total_options_cost) values ('4T1BF1FK5FU100601', '3fe5c169-c1ef-42ea-9e5e-870f30ba9dd0', 'AVAILABLE', 'NEW', 2015, 'TOYOTA MOTOR MANUFACTURING, KENTUCKY, INC.', 'TOYOTA', 'Camry', 'Sedan/Saloon', 73319.16, 46483.09, 5950.00);
insert into vehicles (vin, inventory_id, status, usage_type, year, manufacturer, make, model, body_class, msrp, cost, total_options_cost) values ('JH4CL96808C431274', 'd846a5a7-2e1c-4c79-809c-4f3f471e826d', 'AVAILABLE', 'USED', 2008, 'HONDA MOTOR CO., LTD', 'ACURA', 'TSX', 'Sedan/Saloon', 48970.84, 48097.54, 00.00);
insert into vehicle_options (vehicle_id, name, description, cost) values (4, 'Driving Assistance Professional Package', "-inc: Active Cruise Control w/Stop & Go, Traffic Jam Assistant", 1900.00);
insert into vehicle_options (vehicle_id, name, description, cost) values (5, 'Primary Paint', 'Aventurin Red Metallic', 1950.00);
insert into vehicle_options (vehicle_id, name, description, cost) values (5, 'Wheels', '-inc: Increased Top Speed Limiter, Tires: 275/40R22 Performance Non Run-Flat', 950.00);
insert into vehicle_options (vehicle_id, name, description, cost) values (9, 'Sports Package', '-inc: Shadowline Exterior Trim, Aluminum Tetragon Trim, M Steering Wheel', 3050.00);
insert into vehicle_options (vehicle_id, name, description, cost) values (9, 'Seat Trim', 'Black w/Blue Stitching, Vernasca Leather Upholstery', 1500.00);
insert into vehicle_options (vehicle_id, name, description, cost) values (9, 'Premium Package', '-inc: Comfort Access Keyless Entry, Driver Lumbar Support, Live Cockpit Pro w/Navi, Heated Steering Wheel, Heated Front Seats', 1400.00);
insert into vehicle_options (vehicle_id, name, description, cost) values (1,'Wheels', '-inc: Style 1023, Increased Top Speed Limiter, Tires: 275/40R22 Performance Non Run-Flat', 1794.17);
insert into vehicle_options (vehicle_id, name, description, cost) values (1, 'Seat Trim', 'Castanea Chestnut, Olive Leaf Tanned Perforated Leather Upholstery', 4038.33);
insert into vehicle_options (vehicle_id, name, description, cost) values (1, 'Executive Package', '-inc: Active Cruise Control w/Stop & Go, Glass & Wood Controls, Soft-Close Automatic Doors, Traffic Jam Assistant, Active Lane', 9638.32);
insert into sales (sale_id, inventory_id, vin, customer_id, employee_id, amount, currency, sale_status, number_of_monthly_payments, monthly_payment_amount, down_payment_amount, payment_currency, sale_offer_date, warranty_end_date, warranty_terms)
values('05c8ab76-4f75-45c1-b6e2-aa8e914ea08f', 'd846a5a7-2e1c-4c79-809c-4f3f471e826d', 'JN8AS5MTXDW375966', 'c3540a89-cb47-4c96-888e-ff96708db4d8', 'e5913a79-9b1e-4516-9ffd-06578e7af261', 75000.00, 'CAD', 'PURCHASE_OFFER', 36, 1805.56, 10000.00, 'CAD', '2024-2-13', '2027-2-13', 'Basic Warranty: The basic warranty covers the vehicle against defects in materials or workmanship for a specific period, typically around 3 to 5 years.' );